entropy_percentile,expected_standing_points
0.079872,92.617188
0.239617,93.515625
0.399361,94.484375
0.479233,93.984375
0.718850,94.328125
0.878594,93.234375
1.198083,95.023438
1.198083,93.031250
1.517572,93.703125
1.837061,93.148438
1.916933,94.148438
1.996805,92.546875
2.635783,94.382812
2.715655,93.960938
2.795527,92.734375
3.194888,94.539062
3.354633,94.187500
3.514377,93.664062
3.514377,93.414062
3.674121,93.226562
4.233227,93.781250
4.392971,92.523438
4.712460,94.054688
4.872204,91.781250
4.872204,93.937500
4.872204,93.726562
5.031949,94.601562
5.271565,93.007812
5.591054,93.281250
6.150160,93.507812
6.150160,93.609375
6.230032,94.343750
6.549521,94.562500
6.549521,95.531250
6.948882,93.828125
7.028754,93.367188
7.108626,94.648438
7.108626,92.242188
7.348243,93.226562
7.428115,93.718750
7.507987,93.140625
8.945687,94.007812
8.945687,93.296875
9.744409,93.046875
9.904153,92.789062
9.984026,93.765625
9.984026,94.242188
10.223642,94.523438
10.543131,92.093750
10.782748,93.468750
10.782748,92.460938
10.862620,92.578125
11.341853,93.734375
12.619808,94.695312
12.779553,94.375000
13.498403,93.429688
13.498403,93.757812
13.498403,93.585938
13.817891,94.203125
13.817891,93.046875
14.297125,94.445312
14.297125,92.101562
15.095847,93.906250
15.175719,93.523438
15.654952,93.546875
15.654952,92.617188
15.734824,94.023438
15.734824,93.710938
16.773163,94.023438
16.773163,93.609375
16.853035,92.171875
16.853035,94.734375
17.252396,93.203125
17.252396,93.789062
17.332268,94.289062
17.571885,93.460938
17.971246,92.929688
18.210863,92.328125
18.530351,93.304688
19.089457,94.101562
19.169329,94.195312
19.249201,94.515625
19.648562,93.164062
20.127796,92.875000
20.127796,94.148438
20.287540,93.398438
20.527157,94.320312
20.926518,93.976562
21.246006,94.164062
21.645367,94.531250
22.044728,93.531250
22.284345,94.234375
22.523962,92.343750
22.923323,93.109375
23.003195,92.976562
23.322684,94.312500
23.562300,92.804688
23.881789,93.039062
23.961661,93.210938
24.121406,92.125000
24.281150,94.750000
24.520767,92.734375
24.600639,92.968750
24.680511,93.796875
24.920128,93.437500
25.239617,92.179688
25.479233,94.015625
25.479233,93.515625
25.559105,91.867188
25.718850,94.125000
26.198083,92.015625
26.277955,93.093750
26.757188,93.390625
26.757188,94.093750
26.837061,94.578125
26.996805,94.242188
26.996805,91.976562
27.076677,92.078125
27.076677,92.523438
27.076677,93.015625
27.396166,94.414062
27.396166,93.812500
27.476038,94.781250
27.635783,94.523438
27.955272,93.367188
28.115016,94.914062
28.434505,94.226562
28.514377,93.281250
28.594249,93.445312
28.674121,93.976562
28.753994,94.117188
29.233227,94.382812
29.552716,91.593750
29.872204,93.914062
29.872204,93.656250
30.111821,93.828125
30.191693,94.125000
30.431310,93.054688
30.591054,93.375000
30.670927,94.289062
30.750799,94.546875
30.830671,91.984375
30.910543,92.421875
31.070288,94.648438
31.389776,93.914062
31.549521,94.203125
31.709265,93.304688
32.268371,93.835938
32.428115,92.531250
32.587859,91.710938
32.907348,93.914062
33.067093,93.648438
33.067093,92.890625
33.546326,93.921875
33.546326,93.093750
33.706070,94.101562
33.865815,94.421875
34.105431,93.242188
34.265176,94.750000
34.345048,93.429688
34.424920,92.710938
34.584665,92.203125
34.744409,94.312500
34.824281,93.656250
34.904153,93.843750
34.904153,94.367188
35.223642,94.015625
35.303514,93.742188
35.383387,92.945312
35.543131,94.828125
35.862620,93.156250
36.182109,95.335938
36.421725,94.421875
36.501597,93.703125
36.581470,93.890625
36.661342,92.015625
36.980831,94.656250
37.140575,93.835938
37.220447,93.921875
37.380192,94.093750
37.699681,93.593750
38.019169,93.968750
38.338658,92.757812
38.338658,92.250000
38.658147,93.671875
38.658147,93.781250
38.977636,93.289062
38.977636,93.562500
39.297125,93.476562
39.456869,94.414062
39.456869,94.156250
39.696486,92.476562
39.776358,93.031250
40.175719,92.875000
40.175719,92.062500
40.415335,93.562500
40.575080,93.218750
40.575080,93.320312
40.654952,94.750000
40.894569,93.468750
40.894569,93.648438
40.974441,92.312500
41.214058,94.648438
41.293930,93.343750
41.773163,92.796875
41.773163,93.773438
41.853035,92.953125
42.492013,93.171875
42.492013,95.382812
42.571885,93.492188
42.651757,94.156250
42.731629,94.664062
42.731629,95.093750
43.051118,93.351562
43.130990,91.781250
43.690096,93.171875
44.568690,94.617188
44.808307,94.968750
44.808307,93.945312
45.686901,93.546875
45.766773,92.992188
45.926518,93.773438
46.325879,93.929688
46.645367,94.070312
46.884984,94.234375
47.683706,94.414062
48.003195,93.820312
48.003195,94.585938
48.083067,92.617188
48.083067,94.953125
48.482428,95.148438
48.722045,94.023438
48.801917,94.687500
49.041534,92.859375
49.121406,92.210938
49.201278,94.828125
49.520767,94.492188
50.000000,93.539062
50.079872,95.781250
50.638978,93.140625
50.718850,93.968750
50.878594,93.820312
50.958466,94.304688
51.437700,92.640625
51.437700,94.601562
51.517572,93.375000
51.837061,93.250000
52.476038,94.109375
52.875399,93.078125
53.194888,94.687500
53.274760,93.890625
53.434505,93.296875
53.514377,92.890625
53.674121,94.984375
53.674121,92.156250
53.833866,94.289062
54.472843,94.070312
54.632588,91.929688
54.792332,94.546875
54.792332,94.804688
55.351438,92.796875
55.351438,92.468750
55.431310,94.234375
55.431310,92.234375
55.990415,93.875000
55.990415,93.187500
56.709265,94.375000
57.028754,94.078125
57.507987,93.851562
57.987220,94.906250
58.306709,93.609375
58.466454,92.773438
58.626198,93.742188
58.706070,94.054688
58.865815,93.960938
58.945687,93.203125
58.945687,93.890625
59.265176,92.203125
59.345048,94.640625
59.504792,94.039062
59.584665,93.718750
59.584665,93.875000
60.383387,94.812500
60.383387,92.578125
60.463259,93.726562
60.782748,93.859375
61.182109,94.218750
61.261981,94.046875
61.581470,93.179688
62.619808,92.796875
62.939297,93.492188
63.418530,93.804688
63.498403,94.039062
63.578275,94.945312
63.817891,92.187500
64.057508,93.664062
64.936102,94.203125
64.936102,92.929688
65.575080,93.953125
65.575080,93.617188
65.575080,94.468750
65.654952,93.476562
65.654952,93.812500
65.814696,93.226562
65.814696,92.031250
65.974441,94.242188
66.054313,92.820312
66.214058,94.093750
66.293930,92.562500
66.693291,93.664062
67.092652,93.546875
67.412141,93.906250
67.412141,94.078125
67.571885,93.367188
67.651757,92.531250
67.731629,92.914062
67.891374,93.468750
67.971246,94.046875
68.130990,92.367188
68.290735,93.554688
68.450479,93.398438
68.450479,94.593750
68.530351,93.195312
68.690096,93.601562
68.690096,93.031250
68.849840,94.890625
69.009585,92.796875
69.249201,94.195312
69.329073,92.875000
69.808307,93.312500
69.888179,93.515625
69.888179,93.742188
70.047923,94.796875
70.127796,94.625000
70.207668,94.023438
70.287540,92.796875
70.367412,95.156250
70.527157,92.312500
70.686901,90.976562
70.926518,93.742188
71.006390,95.023438
71.166134,94.007812
71.246006,92.992188
71.325879,93.312500
71.405751,93.617188
71.485623,92.289062
71.805112,93.218750
71.884984,94.367188
72.204473,94.460938
72.444089,94.265625
72.923323,92.968750
72.923323,93.453125
73.003195,93.773438
73.003195,93.875000
73.003195,91.632812
73.722045,93.984375
74.201278,93.320312
74.440895,93.726562
74.440895,93.773438
74.520767,94.234375
74.920128,93.476562
75.079872,92.953125
75.559105,95.414062
75.718850,93.945312
75.798722,94.796875
75.878594,93.078125
76.038339,93.476562
76.118211,93.718750
76.198083,94.531250
76.517572,93.007812
76.757188,94.039062
77.076677,92.601562
77.476038,93.109375
77.875399,93.406250
77.955272,94.312500
78.194888,94.804688
78.194888,93.226562
78.274760,95.000000
78.674121,93.421875
78.833866,92.406250
78.993610,94.875000
78.993610,93.804688
79.233227,94.601562
79.392971,94.054688
79.632588,92.992188
79.712460,91.804688
80.031949,94.460938
80.191693,93.828125
80.271565,94.281250
80.591054,93.054688
80.830671,92.960938
80.830671,93.445312
81.070288,94.289062
81.070288,92.218750
81.309904,92.789062
81.469649,94.531250
81.549521,94.625000
81.629393,93.390625
81.789137,94.007812
81.869010,94.421875
82.028754,93.039062
82.108626,94.164062
82.667732,93.773438
82.667732,91.656250
82.747604,94.242188
83.067093,92.507812
83.067093,93.453125
83.146965,93.898438
83.146965,94.757812
83.706070,94.476562
83.865815,92.789062
83.945687,92.703125
84.185304,94.078125
85.063898,93.234375
85.063898,93.960938
85.063898,93.750000
85.143770,92.437500
85.463259,92.828125
86.421725,93.960938
86.501597,94.585938
86.661342,93.367188
86.821086,94.367188
86.980831,93.804688
86.980831,94.062500
87.380192,92.703125
87.460064,93.156250
87.539936,92.507812
88.019169,94.062500
88.418530,94.523438
88.418530,92.437500
88.498403,93.679688
88.738019,93.375000
88.977636,94.250000
89.376997,92.921875
89.456869,92.562500
89.536741,93.609375
89.536741,94.296875
89.856230,94.500000
89.936102,94.101562
90.495208,91.820312
90.974441,93.265625
91.054313,93.945312
91.054313,94.585938
91.134185,94.140625
91.293930,94.210938
91.373802,94.367188
91.693291,93.937500
91.693291,93.125000
91.853035,93.421875
92.092652,92.460938
92.332268,93.882812
92.332268,93.671875
92.412141,94.101562
92.571885,94.000000
92.811502,95.015625
93.130990,92.921875
93.210863,95.437500
93.370607,95.218750
93.530351,93.812500
93.610224,94.125000
93.610224,94.335938
93.690096,92.687500
93.929712,94.804688
93.929712,90.773438
94.089457,93.968750
94.329073,93.234375
94.648562,93.085938
94.648562,93.757812
94.968051,92.156250
95.287540,94.031250
95.287540,93.289062
95.287540,94.617188
95.527157,93.046875
95.527157,92.828125
95.846645,94.164062
95.926518,93.875000
96.006390,94.523438
96.246006,93.953125
96.565495,93.171875
96.565495,93.585938
96.645367,93.750000
96.725240,92.937500
96.884984,95.257812
96.964856,94.226562
97.124601,93.398438
97.284345,93.226562
97.603834,93.898438
97.603834,94.585938
97.843450,93.562500
98.242812,93.781250
98.242812,93.679688
98.482428,92.250000
98.642173,93.500000
98.801917,93.031250
99.201278,94.039062
99.840256,93.703125
