week_ending,player_id,overall_mean,overall_sd,hard_mean,hard_sd,clay_mean,clay_sd,grass_mean,grass_sd
2025-01-05,jNyZsXZe,4.018996435,0.3228836826,3.986327185,0.3215280585,4.292501919,0.3255350262,3.778160201,0.3298020546
2025-01-05,vyhksgUB,3.465206338,0.1353559986,3.586360972,0.1292654705,3.41353263,0.1444028285,3.395725412,0.1513898004
2025-01-05,UDzElXdm,2.865517998,0.3510662762,2.880773662,0.3523374232,2.831359734,0.3546243881,2.884420597,0.3536655551
2025-01-05,f5BXmEH6,2.824667457,0.2869632396,2.880068612,0.2844204766,2.740059316,0.2918290356,2.853874441,0.2942292924
2025-01-05,KdojxrAR,2.628234642,0.2962626378,2.78028582,0.2936500647,2.578199383,0.3015190092,2.526218723,0.303544989
2025-01-05,lI6fOOat,2.554503505,0.1617141327,2.589069603,0.1444523495,2.636676687,0.1818677505,2.437764226,0.2011657932
2025-01-12,jNyZsXZe,3.915348651,0.2230550401,3.881915339,0.2202140936,4.189410128,0.2274220621,3.674720487,0.2332502491
2025-01-12,vyhksgUB,3.500379597,0.1403358972,3.621433999,0.1344653239,3.448834714,0.1490858091,3.430870078,0.1558582887
2025-01-12,f5BXmEH6,3.308041204,0.2091833587,3.363878807,0.2053389708,3.223203088,0.215982687,3.337041716,0.2191949503
2025-01-12,UDzElXdm,2.860488479,0.3583237468,2.875733387,0.3595686995,2.826441086,0.36181091,2.879290964,0.360870803
2025-01-12,lI6fOOat,2.65473842,0.1580426663,2.689100112,0.1402263965,2.73730256,0.178654539,2.537812587,0.1982587055
2025-01-12,KdojxrAR,2.327445461,0.1338735091,2.479061194,0.1275526259,2.277678954,0.1452750364,2.225596233,0.1495348157
2025-01-19,jNyZsXZe,3.934919866,0.1698813596,3.901670723,0.1656535308,4.209014874,0.1758673685,3.694074002,0.1832163284
2025-01-19,vyhksgUB,3.658263863,0.1312553952,3.779449241,0.1249453654,3.606842044,0.1405780412,3.588500304,0.1477401785
2025-01-19,f5BXmEH6,3.488793358,0.1480346328,3.544771351,0.1422702944,3.403920947,0.1576283074,3.517687775,0.1619909981
2025-01-19,UDzElXdm,2.817241947,0.1518809461,2.83393861,0.1475454707,2.783039334,0.1604348772,2.834747896,0.1640402233
2025-01-19,lI6fOOat,2.744194653,0.1464904033,2.778597444,0.12696251,2.826852268,0.1685684386,2.627134246,0.1892032595
2025-01-19,KdojxrAR,2.456397148,0.1338375622,2.60801356,0.1274802929,2.406746902,0.1452599373,2.354430982,0.1495142663
2025-01-26,jNyZsXZe,4.124155199,0.1420458697,4.091486251,0.1367032614,4.397860232,0.1493087907,3.883119115,0.1578277208
2025-01-26,vyhksgUB,3.627871891,0.1258095705,3.74933227,0.1192059874,3.576250823,0.1355115563,3.558032581,0.1429243038
2025-01-26,f5BXmEH6,3.527722805,0.1518733547,3.583872782,0.1462188508,3.442774648,0.1612615286,3.556520983,0.1655205735
2025-01-26,UDzElXdm,2.837546763,0.1667469214,2.854610604,0.1627801088,2.803195712,0.1745781251,2.854833971,0.1779137643
2025-01-26,lI6fOOat,2.748896437,0.1621267133,2.78425801,0.1447113178,2.830767844,0.1823266654,2.631663458,0.2015555489
2025-01-26,KdojxrAR,2.475768485,0.1513779811,2.627583818,0.1457815233,2.42610243,0.1615673025,2.373619207,0.1654033033
2025-02-02,jNyZsXZe,4.096441292,0.1574930511,4.063098604,0.1526719108,4.370729419,0.1640867993,3.855495852,0.1718664939
2025-02-02,vyhksgUB,3.610049671,0.1443462733,3.730865561,0.1386214517,3.558941564,0.1528814636,3.540341888,0.1594848849
2025-02-02,f5BXmEH6,3.497479593,0.1669273056,3.55292276,0.1617919644,3.413211181,0.1755161396,3.526304838,0.1794358153
2025-02-02,UDzElXdm,2.840038702,0.1800532178,2.856744105,0.1763500978,2.806213633,0.1873352215,2.857158368,0.1904677912
2025-02-02,lI6fOOat,2.733501013,0.1766214869,2.7667674,0.1607667564,2.817247181,0.1953380892,2.616488458,0.2133911429
2025-02-02,KdojxrAR,2.464925357,0.1666601031,2.616021526,0.1615875065,2.415813281,0.1759682542,2.362941264,0.1794989455
2025-02-09,jNyZsXZe,4.073656555,0.1723290407,4.040366582,0.167923977,4.347857066,0.1783802671,3.832746016,0.1855611634
2025-02-09,vyhksgUB,3.595075172,0.1606175545,3.715849389,0.1554893015,3.543982513,0.1683323769,3.525393615,0.1743496204
2025-02-09,f5BXmEH6,3.48793951,0.1803105964,3.543397587,0.1755622773,3.403649954,0.1882932397,3.516770988,0.1919500742
2025-02-09,UDzElXdm,2.788732442,0.1393892795,2.805331768,0.1338855932,2.754901686,0.1487273545,2.805963872,0.1531547678
2025-02-09,lI6fOOat,2.571634472,0.1669986927,2.604771918,0.150075553,2.655396431,0.186713613,2.454735065,0.2055094913
2025-02-09,KdojxrAR,2.446451926,0.1809397014,2.597525982,0.1762755177,2.397361458,0.1895486186,2.344468337,0.1928320684
2025-02-16,jNyZsXZe,3.646419838,0.1322060531,3.612723201,0.1262636402,3.92087466,0.1400907157,3.405661653,0.1490852059
2025-02-16,vyhksgUB,3.462279089,0.1577300968,3.582978175,0.1525023407,3.411271233,0.1655811856,3.392587859,0.1716937895
2025-02-16,f5BXmEH6,3.392429547,0.1695614869,3.4477581,0.1644714045,3.308215224,0.1780430174,3.421315317,0.1819029329
2025-02-16,UDzElXdm,2.859868243,0.130713603,2.876808298,0.1246015216,2.826065895,0.1406439793,2.876730535,0.145482336
2025-02-16,lI6fOOat,2.541234297,0.1674084725,2.573796118,0.1505141495,2.625329895,0.187088809,2.424576878,0.2058472956
2025-02-16,KdojxrAR,2.29985203,0.1425259962,2.450803535,0.1365310886,2.250805727,0.153316714,2.197946828,0.1573614771
2025-02-23,jNyZsXZe,3.590146504,0.1282935447,3.556584834,0.1221191532,3.864410601,0.1364298951,3.349444077,0.1456380695
2025-02-23,vyhksgUB,3.356714655,0.1444882958,3.477577149,0.1387546743,3.305522234,0.1530252202,3.287044582,0.159616725
2025-02-23,f5BXmEH6,3.230084768,0.163085129,3.285571418,0.1577626553,3.145827454,0.1718990869,3.258855433,0.1758903204
2025-02-23,UDzElXdm,2.743216208,0.1216412761,2.760030435,0.1148870002,2.70930594,0.1322676489,2.760312249,0.1375106477
2025-02-23,lI6fOOat,2.500883656,0.1340911586,2.533844948,0.1122402349,2.58456809,0.1580007364,2.384237929,0.1798113943
2025-02-23,KdojxrAR,2.348926593,0.1387111394,2.500093916,0.1325337594,2.299703317,0.149780172,2.246982546,0.153920171
2025-03-02,jNyZsXZe,3.595936969,0.1467301508,3.562375054,0.1413600277,3.870189392,0.1538966404,3.35524646,0.1621151251
2025-03-02,vyhksgUB,3.350204531,0.1611887939,3.471047332,0.1560676517,3.299030656,0.1688851448,3.280535605,0.1748789326
2025-03-02,f5BXmEH6,3.235964682,0.1767838376,3.291467701,0.1718824855,3.151718808,0.1849483839,3.264707538,0.1886625197
2025-03-02,UDzElXdm,2.748596441,0.1407300131,2.765404966,0.1349276487,2.714700817,0.1500119499,2.765683539,0.1546572436
2025-03-02,lI6fOOat,2.511744102,0.1515207414,2.544643927,0.1325673772,2.595526905,0.1730426465,2.395061473,0.1931595787
2025-03-02,KdojxrAR,2.450276926,0.1189732603,2.601450158,0.1116863568,2.400953782,0.1317260511,2.348426837,0.1364062911
2025-03-09,jNyZsXZe,3.589218159,0.1376695546,3.555426452,0.131909597,3.863682814,0.1452970152,3.348545212,0.1539683904
2025-03-09,vyhksgUB,3.163428003,0.1543047384,3.284068471,0.1489415199,3.112426995,0.1623312977,3.093788541,0.1685564493
2025-03-09,f5BXmEH6,3.069554843,0.164113035,3.124769707,0.1588024609,2.985520092,0.1728861344,3.09837473,0.1768526793
2025-03-09,UDzElXdm,2.853314534,0.1351047139,2.870120867,0.1289918332,2.819578142,0.1447545142,2.870244592,0.1495998337
2025-03-09,lI6fOOat,2.528210638,0.1469077955,2.560697171,0.1272523125,2.612334941,0.1690265344,2.411599802,0.1895663744
2025-03-09,KdojxrAR,2.500446401,0.1229421971,2.651392521,0.1159015465,2.451313563,0.1353207533,2.39863312,0.1398850002
2025-03-16,jNyZsXZe,3.598595536,0.1293866724,3.565003493,0.1232213079,3.87283806,0.1374861394,3.357945055,0.1466139772
2025-03-16,vyhksgUB,3.176537398,0.1221021371,3.297327214,0.1152455364,3.125372772,0.1321025426,3.106912209,0.1396802819
2025-03-16,f5BXmEH6,2.879482696,0.1501233806,2.934804327,0.1442821565,2.795314765,0.1596760494,2.908328995,0.163959454
2025-03-16,UDzElXdm,2.824989303,0.1435650387,2.841932445,0.1378116228,2.791101181,0.1526839264,2.841934284,0.1572936955
2025-03-16,lI6fOOat,2.702850208,0.1358504571,2.73546157,0.114297023,2.786821765,0.1595160182,2.586267289,0.1811342975
2025-03-16,KdojxrAR,2.517325055,0.1357293908,2.668403259,0.1293833229,2.468047563,0.1470368453,2.415524342,0.1512475404
2025-03-23,jNyZsXZe,3.62468474,0.1295668875,3.590936368,0.1234009365,3.899091325,0.1376617091,3.384026528,0.1467753854
2025-03-23,vyhksgUB,3.259510086,0.1267518061,3.380128732,0.1201574055,3.208522113,0.1364140182,3.189879413,0.1437631238
2025-03-23,UDzElXdm,2.846384866,0.1470929503,2.863220082,0.1414660486,2.812654574,0.1560083475,2.863279941,0.1605324863
2025-03-23,lI6fOOat,2.821719674,0.138545895,2.854065806,0.1174791864,2.905925142,0.1618226712,2.705168075,0.1831656972
2025-03-23,f5BXmEH6,2.78804503,0.1416047954,2.843178118,0.1353857749,2.704072607,0.1517009735,2.816884363,0.1562005226
2025-03-23,KdojxrAR,2.464944274,0.1317574086,2.615838641,0.1252056701,2.415825441,0.1433805275,2.363168739,0.1476951944
2025-03-30,jNyZsXZe,3.537053849,0.1343804393,3.503365275,0.1284433097,3.811184707,0.1421995056,3.296611566,0.1510441787
2025-03-30,vyhksgUB,3.296008402,0.1210792277,3.416741235,0.114158008,3.244736536,0.1311563667,3.226547435,0.1387894746
2025-03-30,f5BXmEH6,2.866745731,0.148266888,2.922044497,0.142338313,2.78248125,0.1579347584,2.895711447,0.1622673851
2025-03-30,UDzElXdm,2.863759236,0.1631903643,2.880964666,0.1581392763,2.830062335,0.1712669024,2.880250708,0.1754009313
2025-03-30,lI6fOOat,2.84345843,0.1554690397,2.877546517,0.137030928,2.925620142,0.1765185026,2.727208631,0.1962813084
2025-03-30,KdojxrAR,2.307006026,0.1223737945,2.458058856,0.1152923796,2.257701053,0.1348026551,2.20525817,0.1393914985
2025-04-06,jNyZsXZe,3.512639311,0.1518068134,3.478703706,0.1465998381,3.787029668,0.1587434125,3.272184559,0.1667407262
2025-04-06,vyhksgUB,3.298038657,0.1399733001,3.418897066,0.1340710795,3.246762985,0.1487315963,3.228455921,0.1555512195
2025-04-06,f5BXmEH6,2.860236663,0.1634172448,2.915900474,0.158088711,2.775542581,0.1722038488,2.889266936,0.1762195811
2025-04-06,UDzElXdm,2.849138324,0.177852645,2.866430692,0.1732468996,2.814891772,0.18527363,2.866092507,0.1891168263
2025-04-06,lI6fOOat,2.843822739,0.1706694553,2.878367552,0.1540604085,2.925847471,0.1900337367,2.727253193,0.2085316837
2025-04-06,KdojxrAR,2.314404616,0.1090132091,2.459715706,0.1109757027,2.271606957,0.1117710668,2.211891184,0.1283359343
2025-04-13,jNyZsXZe,3.539826227,0.1677505251,3.506232699,0.1630588738,3.814076246,0.1740461413,3.299169736,0.1813775567
2025-04-13,vyhksgUB,3.317699804,0.1571633915,3.438777233,0.1519361006,3.266239777,0.1650051125,3.248082403,0.1711849814
2025-04-13,f5BXmEH6,2.885701389,0.1783507874,2.941657686,0.1734853177,2.800924518,0.1864290976,2.914521962,0.1901519646
2025-04-13,lI6fOOat,2.876345913,0.1848028508,2.910793292,0.1695863223,2.958924727,0.2028149033,2.759319722,0.2202521335
2025-04-13,UDzElXdm,2.86735728,0.1916791209,2.885155014,0.187417354,2.832596599,0.1985788686,2.884320227,0.2021754462
2025-04-13,KdojxrAR,2.333675534,0.130359723,2.479105579,0.1320107968,2.290833289,0.1326671739,2.231087733,0.1469021269
2025-04-20,vyhksgUB,3.365313466,0.1362191519,3.481647517,0.1364852192,3.318448801,0.1391938672,3.29584408,0.1518163262
2025-04-20,jNyZsXZe,3.134452693,0.1445244135,3.129241607,0.1445846653,3.383163209,0.1467797593,2.890953264,0.1596014
2025-04-20,f5BXmEH6,2.858705927,0.1466972019,2.917115176,0.148022855,2.771541421,0.1494898259,2.887461184,0.1604348056
2025-04-20,UDzElXdm,2.857741776,0.2044952299,2.875685537,0.2005051145,2.822891097,0.210974133,2.874648693,0.2143668207
2025-04-20,lI6fOOat,2.769587544,0.1502224119,2.824491735,0.1517340396,2.836484516,0.1552111227,2.64778638,0.1883810633
2025-04-20,KdojxrAR,2.394921247,0.1294660312,2.534560541,0.1333522986,2.358691113,0.1292408123,2.291512086,0.1462415282
2025-04-27,vyhksgUB,3.322211244,0.1253889475,3.443700945,0.129365177,3.271031134,0.1249142418,3.251901653,0.1419664623
2025-04-27,jNyZsXZe,3.045947467,0.1359762491,3.046239629,0.1387839084,3.289884633,0.1357776541,2.801718138,0.1516372559
2025-04-27,lI6fOOat,2.813067625,0.1394595675,2.862156444,0.1485991611,2.884709365,0.1379320483,2.692337066,0.1784828089
2025-04-27,f5BXmEH6,2.78866358,0.1364249403,2.851303579,0.1409132685,2.698005425,0.1363400226,2.816681735,0.150928981
2025-04-27,UDzElXdm,2.645439167,0.1552221685,2.675320144,0.1572210395,2.59970998,0.1569739168,2.661287378,0.1674077849
2025-04-27,KdojxrAR,2.479521529,0.126594562,2.61994896,0.1323842667,2.442706648,0.1242357566,2.375908978,0.1438051891
2025-05-04,vyhksgUB,3.171692682,0.1178571566,3.299519774,0.1244596458,3.114540264,0.114893249,3.101018008,0.1352110377
2025-05-04,jNyZsXZe,3.029133443,0.1278549499,3.030290484,0.1329014406,3.272339206,0.1256682464,2.784770639,0.1441805435
2025-05-04,f5BXmEH6,2.865286846,0.1212029346,2.92519447,0.129142624,2.777207479,0.1180661787,2.89345859,0.1371563937
2025-05-04,lI6fOOat,2.755699555,0.1391065529,2.812403195,0.1520585919,2.821424215,0.1339443969,2.633271255,0.1774515628
2025-05-04,UDzElXdm,2.642801311,0.1695376353,2.67278344,0.1715068802,2.596979539,0.1710091383,2.658640954,0.1807511158
2025-05-04,KdojxrAR,2.475144291,0.1450463105,2.615356077,0.1501512105,2.438533686,0.1429605849,2.371543111,0.1602898958
2025-05-11,vyhksgUB,3.301117355,0.121918979,3.423886245,0.1291197693,3.248783852,0.1182088536,3.230681968,0.1387175373
2025-05-11,jNyZsXZe,3.191773622,0.1286492189,3.188730963,0.1345519843,3.438770453,0.1256031429,2.94781945,0.1448026233
2025-05-11,f5BXmEH6,2.888628419,0.1246496274,2.948242991,0.133253975,2.800843494,0.1206678169,2.916798773,0.1401646217
2025-05-11,lI6fOOat,2.835896409,0.1357712009,2.888765604,0.1516675705,2.904813411,0.127872558,2.714110214,0.1743315429
2025-05-11,UDzElXdm,2.605687404,0.1471177009,2.636155207,0.1519828533,2.55931646,0.1463077363,2.621590546,0.1596928084
2025-05-11,KdojxrAR,2.499632067,0.1365028666,2.639696093,0.1430561694,2.463336421,0.1329462605,2.395863687,0.1526730004
2025-05-18,vyhksgUB,3.312731581,0.1296473267,3.435307452,0.1368611546,3.260687697,0.125729074,3.242199594,0.1455309453
2025-05-18,jNyZsXZe,3.241006074,0.1464727362,3.237265711,0.1517259209,3.488732591,0.1437624025,2.997019921,0.1608423053
2025-05-18,f5BXmEH6,2.987621089,0.1189072989,3.046035768,0.1286711948,2.901154762,0.1138974794,3.015672736,0.1350394547
2025-05-18,lI6fOOat,2.830432071,0.1390970061,2.882647019,0.1560636,2.900114049,0.13001858,2.708535144,0.1766539121
2025-05-18,UDzElXdm,2.68571441,0.1605562851,2.713691313,0.1652577489,2.64179832,0.1595840342,2.701653595,0.1721352293
2025-05-18,KdojxrAR,2.536596972,0.1535109937,2.675233576,0.1593990291,2.50199471,0.1503160636,2.432562628,0.1680564343
2025-05-25,vyhksgUB,3.427744346,0.1357467259,3.548135023,0.1429147516,3.377700493,0.1317367983,3.357397522,0.150976172
2025-05-25,jNyZsXZe,3.262069166,0.1621025401,3.257827587,0.1669116429,3.510504822,0.1596104646,3.01787509,0.1751912751
2025-05-25,f5BXmEH6,3.038527069,0.1380795554,3.095173912,0.1466081877,2.953801727,0.1337479527,3.066605568,0.1521922143
2025-05-25,lI6fOOat,2.851860877,0.1558937655,2.901693345,0.1712716575,2.923841866,0.1477792993,2.730047419,0.1901484896
2025-05-25,UDzElXdm,2.577250127,0.1265816237,2.606856881,0.1348645186,2.531702852,0.1229702414,2.593190649,0.1407777232
2025-05-25,KdojxrAR,2.474366281,0.1542848424,2.612779588,0.1605634199,2.440096827,0.1506227696,2.370222429,0.1687889887
2025-06-01,vyhksgUB,3.621212975,0.1260350364,3.738457242,0.1341581795,3.574163517,0.121251309,3.551018167,0.1422825981
2025-06-01,jNyZsXZe,3.431960999,0.127334297,3.424734006,0.1344500413,3.683292897,0.1231205694,3.187856093,0.1435234643
2025-06-01,f5BXmEH6,3.238907887,0.1316986852,3.292989081,0.1409781306,3.156726208,0.1267635353,3.26700837,0.1464092003
2025-06-01,lI6fOOat,3.066450908,0.1392623064,3.108910878,0.1578658814,3.144767538,0.1285659048,2.945674309,0.1764585939
2025-06-01,UDzElXdm,2.771972585,0.1195784094,2.798159462,0.1291095143,2.729502227,0.1149219296,2.788256066,0.1344513937
2025-06-01,KdojxrAR,2.547212676,0.1365953125,2.683574259,0.1442860309,2.515281612,0.1316951202,2.442782158,0.1528276564
2025-06-08,vyhksgUB,3.726436136,0.1232019055,3.842728815,0.1317152371,3.679666846,0.1180873546,3.656912748,0.1397567176
2025-06-08,jNyZsXZe,3.428433746,0.1301191269,3.420934692,0.1373046769,3.679362725,0.1257974095,3.185003822,0.1459692179
2025-06-08,f5BXmEH6,3.174908272,0.1214383521,3.229160375,0.1317107897,3.092354876,0.115786215,3.203209565,0.1372303918
2025-06-08,lI6fOOat,3.062104547,0.1411307735,3.104973237,0.1600277747,3.139804235,0.130090025,2.941536167,0.1778333279
2025-06-08,UDzElXdm,2.782321733,0.1389601525,2.808192077,0.1472541543,2.739477721,0.1349720929,2.799295401,0.1519356434
2025-06-08,KdojxrAR,2.5972626,0.1450978738,2.73304068,0.1524822012,2.565453602,0.1403592727,2.493293517,0.1604720001
2025-06-15,vyhksgUB,3.715720595,0.1422985997,3.832149901,0.1497473192,3.670120219,0.1379020441,3.644891663,0.156818265
2025-06-15,jNyZsXZe,3.422665457,0.1483412059,3.414097606,0.1546986145,3.674436522,0.1445754588,3.179462244,0.1623922478
2025-06-15,f5BXmEH6,3.148308539,0.1404670548,3.202763469,0.1494577324,3.06649911,0.1356287367,3.175663038,0.1542759642
2025-06-15,lI6fOOat,3.048322994,0.1578337486,3.091600506,0.1749608964,3.126731495,0.1480329973,2.926636981,0.191337571
2025-06-15,UDzElXdm,2.767671657,0.1560392928,2.793465771,0.1635024824,2.725529368,0.1524912784,2.784019831,0.1676656106
2025-06-15,KdojxrAR,2.567392353,0.1608277409,2.701559067,0.1675500357,2.537060584,0.1565469966,2.463557407,0.1748047831
2025-06-22,jNyZsXZe,3.379122088,0.1642024839,3.369238634,0.1699772076,3.630027007,0.160811327,3.138100622,0.1769819785
2025-06-22,vyhksgUB,3.35038236,0.1230964376,3.478399231,0.1343693709,3.340219615,0.126314358,3.232528234,0.1280539904
2025-06-22,f5BXmEH6,3.042074414,0.1410180939,3.098409699,0.150880452,2.968683232,0.139998415,3.05913031,0.1498915864
2025-06-22,lI6fOOat,2.991195082,0.1550793802,3.042445785,0.1763338001,3.08573746,0.1529606974,2.845402002,0.1759193813
2025-06-22,UDzElXdm,2.769289638,0.1314264684,2.794875892,0.142388188,2.724883067,0.1346126768,2.788109957,0.1350474957
2025-06-22,KdojxrAR,2.574426317,0.153647961,2.707339014,0.16185464,2.547172542,0.1536410018,2.468767395,0.1623716318
2025-06-29,vyhksgUB,3.351433108,0.1422879089,3.478203144,0.1521542435,3.339946098,0.1450939555,3.236150082,0.146567016
2025-06-29,jNyZsXZe,3.20933906,0.1244360907,3.206479722,0.136149742,3.475903964,0.1299167761,2.945633494,0.1260563707
2025-06-29,f5BXmEH6,3.05591575,0.1580150765,3.110785997,0.1668840606,2.981364363,0.1571184249,3.07559689,0.1659544958
2025-06-29,lI6fOOat,2.806555047,0.1413969272,2.872366961,0.1690981894,2.929742519,0.1486410271,2.617555661,0.1472087018
2025-06-29,UDzElXdm,2.779377107,0.148588903,2.803186827,0.158416152,2.732544021,0.1515666154,2.802400473,0.1515672912
2025-06-29,KdojxrAR,2.448697171,0.1229120488,2.583642651,0.1350623704,2.430313327,0.1308326935,2.332135535,0.1228438832
2025-07-06,vyhksgUB,3.427764347,0.1228874537,3.552915979,0.1356630887,3.411988791,0.1304812965,3.318388272,0.1213306116
2025-07-06,jNyZsXZe,3.297125392,0.1247244329,3.291782537,0.1372601683,3.559393638,0.1322026756,3.040200001,0.123094277
2025-07-06,f5BXmEH6,3.069348786,0.1539880478,3.122915786,0.1637828182,2.993053471,0.1559992459,3.092077101,0.1582867666
2025-07-06,UDzElXdm,2.976814985,0.1315677512,2.997336751,0.1435090401,2.922400442,0.1380674431,3.010707763,0.1304584343
2025-07-06,lI6fOOat,2.827026912,0.1335128371,2.888791731,0.1652616668,2.94442331,0.1466257806,2.647865693,0.1291260267
2025-07-06,KdojxrAR,2.624464107,0.1338180671,2.756117342,0.1453071041,2.59461227,0.1420872845,2.522662708,0.1323676798
2025-07-13,vyhksgUB,3.396100296,0.1279961449,3.521841778,0.1406819114,3.382426831,0.1363752201,3.284032278,0.1248561289
2025-07-13,jNyZsXZe,3.315979381,0.1195009118,3.310644663,0.1332579692,3.578640104,0.1289742282,3.058653377,0.1150014314
2025-07-13,f5BXmEH6,3.092401214,0.1697627161,3.14595019,0.1786975997,3.016369568,0.1715870542,3.114883884,0.1736700197
2025-07-13,UDzElXdm,2.998822311,0.1494212574,3.019461302,0.1600461867,2.944574225,0.1552022465,3.032431407,0.1484024692
2025-07-13,lI6fOOat,2.808907639,0.1382633165,2.872447928,0.1701208681,2.929644953,0.1529691554,2.624630038,0.1300670465
2025-07-13,KdojxrAR,2.643741433,0.1515685016,2.775192644,0.1618106405,2.614239138,0.1589386047,2.541792519,0.1502526549
2025-07-20,vyhksgUB,3.406542855,0.1464542974,3.532423743,0.1576671272,3.392772893,0.1538199056,3.294431929,0.1437191458
2025-07-20,jNyZsXZe,3.329899197,0.1390089283,3.324168779,0.1510119867,3.591750416,0.1472351627,3.073778397,0.1351363298
2025-07-20,f5BXmEH6,3.113997462,0.1837425541,3.167038468,0.1920483733,3.037358003,0.1854446998,3.137595915,0.1873149336
2025-07-20,UDzElXdm,2.992975266,0.1649160266,3.013608242,0.1746242431,2.93933821,0.1702185679,3.025979346,0.1639129917
2025-07-20,lI6fOOat,2.830572651,0.1554353546,2.894466049,0.1843527429,2.951551971,0.168631257,2.645699933,0.1481836564
2025-07-20,KdojxrAR,2.656476599,0.1674457366,2.78797237,0.1767690813,2.626410747,0.1741239505,2.555046681,0.1662676146
2025-07-27,vyhksgUB,3.410643615,0.1625902997,3.534792634,0.1727639111,3.396586027,0.1693088539,3.300552185,0.1600607319
2025-07-27,jNyZsXZe,3.306485082,0.1561229696,3.299305325,0.1669023671,3.568968001,0.1635126892,3.05118192,0.1526525552
2025-07-27,f5BXmEH6,3.122439602,0.1970812824,3.173972187,0.2048477407,3.047259956,0.1986749407,3.146086663,0.2004063094
2025-07-27,UDzElXdm,2.867463337,0.1320064474,2.877184069,0.1347437393,2.815653501,0.1397786069,2.909552441,0.1383525077
2025-07-27,lI6fOOat,2.824706894,0.1708994962,2.887183211,0.1975882213,2.946694046,0.1830317265,2.640243426,0.164222728
2025-07-27,KdojxrAR,2.556475747,0.1572623121,2.679120551,0.162956942,2.527510638,0.164498752,2.462796053,0.1599124586
2025-08-03,jNyZsXZe,3.442184597,0.131086717,3.445388367,0.1352766195,3.704905611,0.1390476444,3.176259815,0.1358459842
2025-08-03,vyhksgUB,3.41638494,0.1774253948,3.539643431,0.1867950555,3.401844545,0.1836195823,3.307666845,0.1750839821
2025-08-03,f5BXmEH6,3.041315827,0.1419765695,3.08779172,0.1428392104,2.968191071,0.1480338712,3.067964691,0.1519960377
2025-08-03,UDzElXdm,2.891616562,0.1233121668,2.9033428,0.1224687427,2.839436322,0.1320322294,2.932070564,0.1330125535
2025-08-03,lI6fOOat,2.780531399,0.1592235168,2.829719489,0.1756816981,2.901250859,0.1727895697,2.610623848,0.1624999239
2025-08-03,KdojxrAR,2.470035648,0.1405144409,2.586821703,0.1422734206,2.441665079,0.1487014284,2.381620161,0.147618412
2025-08-10,jNyZsXZe,3.553694983,0.1351327922,3.564601087,0.1370878019,3.817172003,0.1426960791,3.279311859,0.1418378512
2025-08-10,vyhksgUB,3.28857182,0.1626423678,3.401506629,0.1683975946,3.272861213,0.1692454478,3.191347617,0.1645296047
2025-08-10,f5BXmEH6,2.990711167,0.1412740666,3.033624599,0.1405156934,2.918141654,0.1479461636,3.020367248,0.1522319502
2025-08-10,UDzElXdm,2.898984194,0.1221192202,2.909376708,0.1193690904,2.846909873,0.1311515408,2.940666001,0.1333307016
2025-08-10,lI6fOOat,2.782967745,0.1736648178,2.830058463,0.1884755185,2.903729931,0.1862098215,2.61511484,0.1769706263
2025-08-10,KdojxrAR,2.511187458,0.1409400657,2.629886155,0.1410941057,2.482322096,0.1491686757,2.421354124,0.1494170735
2025-08-17,jNyZsXZe,3.511500985,0.1216122858,3.520898918,0.1202838076,3.774550401,0.1296482366,3.239053634,0.1324246672
2025-08-17,vyhksgUB,3.168089504,0.133544647,3.273206224,0.1339642102,3.152476372,0.1414130504,3.078585916,0.1419845022
2025-08-17,UDzElXdm,2.935541972,0.1166379416,2.946458623,0.1123502597,2.883342166,0.1262099022,2.976825127,0.1293902482
2025-08-17,f5BXmEH6,2.865491586,0.1339369373,2.904288187,0.1313792766,2.794553783,0.1416262256,2.897632788,0.1463541289
2025-08-17,lI6fOOat,2.799826274,0.1873589383,2.845953364,0.2009651549,2.92007822,0.1990534843,2.633447238,0.1905826229
2025-08-17,KdojxrAR,2.518762155,0.145140815,2.637386895,0.1442761321,2.489786194,0.1531742054,2.429113377,0.1542747697
2025-08-24,jNyZsXZe,3.556443391,0.1339933957,3.568913089,0.1321472899,3.819479364,0.1412650907,3.280937722,0.1444963794
2025-08-24,vyhksgUB,3.404262654,0.1383668992,3.519356786,0.1376594427,3.388501125,0.1459357495,3.30493005,0.1475701751
2025-08-24,UDzElXdm,2.968020168,0.1360850189,2.980465291,0.1323601281,2.915113833,0.1443834815,3.008481379,0.1472093321
2025-08-24,f5BXmEH6,2.874665086,0.1505076657,2.914305857,0.1481220116,2.803321128,0.1574405663,2.906368274,0.161707982
2025-08-24,lI6fOOat,2.805914528,0.2003403933,2.855318754,0.2130274297,2.925960725,0.2113340374,2.636464106,0.2034074667
2025-08-24,KdojxrAR,2.532225587,0.150447268,2.652009586,0.1489959201,2.502706138,0.1582258008,2.441961036,0.1598239362
2025-08-31,jNyZsXZe,3.632852072,0.1277768115,3.647601201,0.1246106552,3.895867946,0.1352757962,3.35508707,0.1399271892
2025-08-31,vyhksgUB,3.411625229,0.1251898728,3.526629404,0.1222701594,3.39595559,0.1335221135,3.312290693,0.1371536357
2025-08-31,f5BXmEH6,3.035508904,0.1322251904,3.078319432,0.128088889,2.962583365,0.1405936052,3.065623915,0.1455725781
2025-08-31,UDzElXdm,3.003844039,0.1238472139,3.018526379,0.1189815885,2.951654624,0.1330186115,3.041351116,0.1365236467
2025-08-31,lI6fOOat,2.77646688,0.1451094575,2.820740872,0.1434434605,2.896854535,0.1607659312,2.611805232,0.1648457578
2025-08-31,KdojxrAR,2.518833442,0.1294221637,2.638882503,0.1260073485,2.488757123,0.1384533332,2.428860699,0.1416681687
2025-09-07,jNyZsXZe,3.680228512,0.1314891365,3.695174659,0.1278621865,3.943334884,0.1387328487,3.402175994,0.1438612561
2025-09-07,vyhksgUB,3.392431137,0.1263795415,3.506508699,0.1226952185,3.376828996,0.1346296136,3.293955716,0.1389382276
2025-09-07,UDzElXdm,3.03124953,0.1429004165,3.045977574,0.1386992126,2.979050475,0.1509194354,3.06872054,0.1540201146
2025-09-07,f5BXmEH6,3.02843243,0.1416312152,3.070749943,0.1375268985,2.955770817,0.1495682777,3.058776531,0.1542961083
2025-09-07,lI6fOOat,2.813929788,0.1617378186,2.858207791,0.1602357447,2.934451822,0.1759205921,2.649129751,0.1796631259
2025-09-07,KdojxrAR,2.519205778,0.1308614935,2.638996805,0.1269290221,2.489086881,0.1398150067,2.429533648,0.1434555554
2025-09-14,jNyZsXZe,3.685466017,0.1491625721,3.701354387,0.1459363046,3.947793674,0.1555969328,3.40724999,0.1601979424
2025-09-14,vyhksgUB,3.390738181,0.1448928666,3.505946826,0.1416598719,3.374585744,0.152156742,3.291681974,0.15597958
2025-09-14,UDzElXdm,3.029937635,0.1595624728,3.045403734,0.1557870422,2.9770619,0.1667956629,3.06734727,0.1695989763
2025-09-14,f5BXmEH6,3.02972776,0.1579457431,3.072690616,0.1542336755,2.956597252,0.1651245798,3.059895413,0.1694085553
2025-09-14,lI6fOOat,2.811034111,0.1764033074,2.856212716,0.1749284758,2.930633593,0.1895077416,2.646256024,0.1930348859
2025-09-14,KdojxrAR,2.514021207,0.1488445026,2.634631136,0.1453687695,2.48324238,0.1567886046,2.424190104,0.1600410362
2025-09-21,jNyZsXZe,3.741923414,0.1214081047,3.758168857,0.1166610667,4.004105543,0.1291740599,3.463495842,0.1354447434
2025-09-21,vyhksgUB,3.391883366,0.161585055,3.506957981,0.1586869702,3.375639379,0.1681290193,3.293052737,0.1716015791
2025-09-21,f5BXmEH6,3.029445854,0.1734322113,3.072253398,0.1700556602,2.956170264,0.1799952614,3.059913898,0.1839340325
2025-09-21,UDzElXdm,3.014310447,0.1746954052,3.029543775,0.1712514425,2.96138472,0.1813259449,3.052002846,0.1839098078
2025-09-21,lI6fOOat,2.819176726,0.1903892245,2.865019404,0.189016963,2.938593239,0.2025910912,2.653917537,0.2058991097
2025-09-21,KdojxrAR,2.527494737,0.1649788159,2.648127193,0.1618414065,2.496607875,0.1721807778,2.437749144,0.1751538728
2025-09-28,jNyZsXZe,3.778237026,0.1325359343,3.794237357,0.1281014181,4.040858281,0.1396781942,3.499615441,0.145593604
2025-09-28,vyhksgUB,3.395582593,0.1761230558,3.510235969,0.1734288724,3.379203439,0.1821518423,3.297308373,0.1853840589
2025-09-28,UDzElXdm,3.059188853,0.1467812838,3.073695539,0.1423537325,3.006458202,0.1546475167,3.097412819,0.1578820522
2025-09-28,f5BXmEH6,3.019151188,0.1488555219,3.06097631,0.1444348411,2.946408944,0.1566319847,3.050068311,0.1612168325
2025-09-28,lI6fOOat,2.709528787,0.1564254977,2.750933623,0.150053694,2.82962388,0.1712637776,2.548028857,0.1786658776
2025-09-28,KdojxrAR,2.547923195,0.1582126975,2.667787987,0.1546698077,2.517476854,0.165724322,2.458504743,0.169025034
2025-10-05,jNyZsXZe,3.824347837,0.1350581027,3.84107409,0.13056967,4.087092579,0.1420605059,3.544876842,0.1480278636
2025-10-05,vyhksgUB,3.389290558,0.1899447986,3.503792542,0.1874389577,3.372920109,0.1955484696,3.291159024,0.1985711997
2025-10-05,UDzElXdm,3.08525291,0.1617862175,3.099855899,0.157772479,3.032484321,0.1689562543,3.123418509,0.1719268989
2025-10-05,f5BXmEH6,2.919285849,0.1309888689,2.960634505,0.1256027682,2.846698136,0.1398882335,2.950524904,0.1450556452
2025-10-05,lI6fOOat,2.730630577,0.1567347981,2.771879108,0.1491592724,2.850923422,0.1715985839,2.5690892,0.1798653282
2025-10-05,KdojxrAR,2.45694514,0.1267290795,2.576200467,0.1217258617,2.426488234,0.1360069822,2.368146718,0.1404562222
2025-10-12,jNyZsXZe,3.790090825,0.1269372488,3.806842542,0.1220045016,4.052803384,0.1343501347,3.510626549,0.1407956182
2025-10-12,vyhksgUB,3.299916288,0.1328525203,3.413905037,0.1282238015,3.283514171,0.1407491657,3.202329657,0.1458154025
2025-10-12,UDzElXdm,3.028941983,0.1360254524,3.043214979,0.1310636908,2.976270397,0.1444956046,3.067340572,0.1480703915
2025-10-12,f5BXmEH6,2.804041919,0.1135429351,2.844868548,0.107052338,2.731662634,0.1237883267,2.835594575,0.1296292383
2025-10-12,lI6fOOat,2.718920187,0.1574307398,2.759346275,0.1489180536,2.839474473,0.172272188,2.557939812,0.1812149474
2025-10-12,KdojxrAR,2.437212484,0.112956881,2.556333921,0.1070981159,2.406851467,0.1232829617,2.348452063,0.128339797
2025-10-19,jNyZsXZe,3.796412271,0.1445160376,3.81323647,0.1401923211,4.059249078,0.151070805,3.516751266,0.1568359727
2025-10-19,vyhksgUB,3.310054467,0.1489786491,3.424001814,0.1448321936,3.293763592,0.1560635057,3.212397995,0.1606734668
2025-10-19,UDzElXdm,3.031605571,0.1176723118,3.045911987,0.1117926979,2.97898314,0.1273851126,3.069921584,0.1314853201
2025-10-19,f5BXmEH6,2.805979059,0.1337215962,2.846779499,0.1282460634,2.733668733,0.1425277958,2.837488945,0.1476299722
2025-10-19,lI6fOOat,2.684843742,0.1593567458,2.723870939,0.1503893671,2.805529318,0.1740583142,2.52513097,0.183320151
2025-10-19,KdojxrAR,2.438728993,0.1332613447,2.557690875,0.1283225644,2.408452209,0.142122682,2.350043894,0.1465337878
2025-10-26,jNyZsXZe,3.825325632,0.1608016446,3.842535155,0.1569177964,4.088075056,0.1667219269,3.545366684,0.1719623752
2025-10-26,vyhksgUB,3.335097677,0.1649665394,3.449376657,0.1612208835,3.318774711,0.1713960432,3.237141664,0.1756051485
2025-10-26,UDzElXdm,3.076520615,0.1251106262,3.09101098,0.1195665953,3.023852554,0.1342949615,3.114698309,0.1381998749
2025-10-26,f5BXmEH6,2.858645394,0.1511832787,2.899756349,0.1463514245,2.786165298,0.159031345,2.890014535,0.1636176771
2025-10-26,lI6fOOat,2.719663956,0.1744393296,2.758686066,0.1662653961,2.840102348,0.1879698445,2.560203455,0.1965850427
2025-10-26,KdojxrAR,2.472843004,0.1509771053,2.592129467,0.1466267616,2.442448276,0.1588580348,2.38395127,0.1628151868
2025-11-02,jNyZsXZe,3.823860662,0.1757786794,3.841262211,0.1722206859,4.086511702,0.181215223,3.543808072,0.1860490776
2025-11-02,vyhksgUB,3.328061294,0.17968639,3.442556815,0.1762445231,3.311592215,0.1856113071,3.230034852,0.1895040603
2025-11-02,UDzElXdm,3.094915905,0.143152181,3.109585935,0.1383094576,3.041951892,0.1512512712,3.13320989,0.1547359851
2025-11-02,f5BXmEH6,2.860280525,0.1670461792,2.901579569,0.1626737484,2.787561619,0.1741873775,2.891700388,0.1783827453
2025-11-02,lI6fOOat,2.726098749,0.1879212615,2.76555433,0.1803201271,2.846262635,0.2005511328,2.566479282,0.2086668026
2025-11-02,KdojxrAR,2.465438135,0.1669482944,2.584832784,0.1630125532,2.434836632,0.1741124409,2.37664499,0.1777311677
2025-11-09,jNyZsXZe,3.821364835,0.189864984,3.838766384,0.1865758095,4.084015876,0.1949090175,3.541312246,0.1994112016
2025-11-09,vyhksgUB,3.325565468,0.1934884151,3.440060989,0.1902963477,3.309096388,0.1990028275,3.227539025,0.2026384883
2025-11-09,UDzElXdm,3.092420079,0.1601346776,3.107090108,0.1558206472,3.039456066,0.1674142021,3.130714063,0.1705690274
2025-11-09,f5BXmEH6,2.864147198,0.1818103243,2.905446242,0.1778013399,2.791428291,0.1883927029,2.89556706,0.1922783707
2025-11-09,lI6fOOat,2.729965421,0.2011590629,2.769421003,0.1940770885,2.850129308,0.2130054575,2.570345954,0.2206635506
2025-11-09,KdojxrAR,2.462942309,0.1817203925,2.582336958,0.1781113711,2.432340805,0.1883234189,2.374149163,0.1916740359
2025-11-16,jNyZsXZe,3.818869009,0.2029760582,3.836270558,0.1999027282,4.081520049,0.2077019334,3.538816419,0.2119325255
2025-11-16,vyhksgUB,3.323069641,0.2063694135,3.437565163,0.2033796155,3.306600562,0.211548324,3.225043199,0.2149719167
2025-11-16,UDzElXdm,3.089924253,0.1754812896,3.104594282,0.171553613,3.036960239,0.1821485194,3.128218237,0.1850523201
2025-11-16,f5BXmEH6,2.86801387,0.1954624314,2.909312914,0.1917391053,2.795294964,0.20159955,2.899433732,0.2052353281
2025-11-16,lI6fOOat,2.733832094,0.2135779404,2.773287675,0.2069214448,2.85399598,0.2247707564,2.574212626,0.2320408813
2025-11-16,KdojxrAR,2.460446482,0.1953787836,2.579841131,0.1920266351,2.429844979,0.2015348063,2.371653337,0.2046692553
2025-11-23,jNyZsXZe,3.816385259,0.215290149,3.833786808,0.2123950771,4.079036299,0.2197513622,3.536332669,0.2237542478
2025-11-23,vyhksgUB,3.320585891,0.2184923405,3.435081413,0.2156706657,3.304116812,0.223390379,3.222559449,0.226635154
2025-11-23,UDzElXdm,3.087440503,0.1895896913,3.102110532,0.1859602382,3.034476489,0.1957770445,3.125734487,0.1984815589
2025-11-23,f5BXmEH6,2.871892619,0.2082213489,2.913191663,0.2047301946,2.799173712,0.2139928658,2.903312481,0.2174214983
2025-11-23,lI6fOOat,2.737710842,0.2253133477,2.777166424,0.2190138177,2.857874728,0.2359501239,2.578091375,0.2428858552
2025-11-23,KdojxrAR,2.457962732,0.2081428287,2.577357381,0.2049995039,2.427361229,0.2139318728,2.369169587,0.2168872336
2025-11-30,jNyZsXZe,3.813913998,0.2269370316,3.831315547,0.2241924103,4.076565038,0.2311735911,3.533861408,0.2349819811
2025-11-30,vyhksgUB,3.31811463,0.2299771095,3.432610152,0.2272980512,3.301645551,0.2346355248,3.220088188,0.2377268623
2025-11-30,UDzElXdm,3.084969242,0.2027185712,3.099639271,0.1993283177,3.032005228,0.208516712,3.123263226,0.2110580424
2025-11-30,f5BXmEH6,2.875783856,0.2202423623,2.9170829,0.2169447409,2.80306495,0.2257067005,2.907203719,0.2289599877
2025-11-30,lI6fOOat,2.74160208,0.2364670647,2.781057661,0.2304726023,2.861765966,0.2466232532,2.581982613,0.2532668685
2025-11-30,KdojxrAR,2.455491472,0.2201681293,2.574886121,0.2171989058,2.424889968,0.2256488738,2.366698326,0.2284527088
2025-12-07,jNyZsXZe,3.8114543,0.2380146725,3.828855849,0.2353992457,4.07410534,0.2420574255,3.53140171,0.2456971703
2025-12-07,vyhksgUB,3.315654932,0.2409150036,3.430150454,0.2383589145,3.299185853,0.2453658443,3.21762849,0.2483236378
2025-12-07,UDzElXdm,3.082509544,0.2150474067,3.097179573,0.2118545404,3.029545531,0.2205216253,3.120803528,0.2229261431
2025-12-07,f5BXmEH6,2.879686657,0.2316403812,2.920985701,0.2285073055,2.806967751,0.2368418939,2.911106519,0.2399442519
2025-12-07,lI6fOOat,2.745504881,0.2471178681,2.784960462,0.2413880454,2.865668767,0.2568532598,2.585885413,0.2632388169
2025-12-07,KdojxrAR,2.453031774,0.2315698021,2.572426423,0.2287486234,2.42243027,0.2367867865,2.364238628,0.2394602435
2025-12-14,jNyZsXZe,3.808999816,0.2485991802,3.826401365,0.2460962676,4.071650856,0.2524725041,3.528947226,0.2559641919
2025-12-14,vyhksgUB,3.313200448,0.2513774194,3.427695969,0.2489287854,3.296731369,0.2556461726,3.215174006,0.2584863577
2025-12-14,UDzElXdm,3.080055059,0.2267067603,3.094725089,0.2236803843,3.027091046,0.231905919,3.118349044,0.2341935809
2025-12-14,f5BXmEH6,2.883594671,0.2425032665,2.924893715,0.239512331,2.810875765,0.247476566,2.915014534,0.2504472241
2025-12-14,lI6fOOat,2.749412895,0.2573282122,2.788868476,0.2518308093,2.869576781,0.2666911418,2.589793428,0.2728465554
2025-12-14,KdojxrAR,2.450577289,0.2424358498,2.569971938,0.2397425718,2.419975786,0.2474238273,2.361784144,0.2499835519
2025-12-21,jNyZsXZe,3.806561824,0.2587510781,3.823963373,0.2563473054,4.069212864,0.2624746337,3.526509234,0.2658349781
2025-12-21,vyhksgUB,3.310762456,0.261421451,3.425257977,0.2590677676,3.294293377,0.2655287812,3.212736014,0.2682643569
2025-12-21,UDzElXdm,3.077617067,0.2377951287,3.092287097,0.234911648,3.024653054,0.2427569223,3.115911052,0.2449432616
2025-12-21,f5BXmEH6,2.887519178,0.2528999848,2.928818222,0.2500334472,2.814800272,0.257672697,2.91893904,0.2605271197
2025-12-21,lI6fOOat,2.753337402,0.2671486044,2.792792983,0.2618574508,2.873501288,0.2761788065,2.593717934,0.2821272954
2025-12-21,KdojxrAR,2.448139297,0.2528353403,2.567533946,0.2502540085,2.417537794,0.2576220456,2.359346152,0.2600814186
2025-12-28,jNyZsXZe,3.793856726,0.2685194378,3.811258275,0.2662038862,4.056507766,0.2721093556,3.513804136,0.2753521448
2025-12-28,vyhksgUB,3.298057358,0.2710936058,3.412552879,0.2688246199,3.281588278,0.2750565427,3.200030916,0.2776982773
2025-12-28,UDzElXdm,3.064911969,0.2483889918,3.079581999,0.2456299054,3.011947956,0.2531432231,3.103205954,0.2552406108
2025-12-28,f5BXmEH6,2.881176579,0.2628858504,2.922475623,0.260129377,2.808457672,0.267480442,2.912596441,0.2702312864
2025-12-28,lI6fOOat,2.746994802,0.2766205793,2.786450384,0.2715140744,2.867158688,0.2853511893,2.587375335,0.2911123132
2025-12-28,KdojxrAR,2.435434199,0.2628236621,2.554828848,0.2603413852,2.404832696,0.2674316481,2.346641054,0.2698016166
